6193037ce0f9a3f41d053d27,0,[]
6193037ce0f9a3f41d053d28,1,[]
6193037ce0f9a3f41d053d29,2,[]
6193037ce0f9a3f41d053d2a,3,[]
6193037ce0f9a3f41d053d2b,4,[]
6193037ce0f9a3f41d053d2c,5,[]
6193037ce0f9a3f41d053d2d,6,[]
6193037ce0f9a3f41d053d2e,7,[]
6193037ce0f9a3f41d053d2f,8,[]
6193037ce0f9a3f41d053d30,9,[]
6193037ce0f9a3f41d053d31,10,[]
6193037ce0f9a3f41d053d32,11,[]
6193037ce0f9a3f41d053d33,12,[]
6193037ce0f9a3f41d053d34,13,[]
6193037ce0f9a3f41d053d35,14,[]
6193037ce0f9a3f41d053d36,15,[]
6193037ce0f9a3f41d053d37,16,[]
6193037ce0f9a3f41d053d38,17,[]
6193037ce0f9a3f41d053d39,18,[]
6193037ce0f9a3f41d053d3a,19,[]
6193037ce0f9a3f41d053d3b,20,[]
6193037ce0f9a3f41d053d3c,21,[]
6193037ce0f9a3f41d053d3d,22,[]
6193037ce0f9a3f41d053d3e,23,[]
6193037ce0f9a3f41d053d3f,24,[]
6193037ce0f9a3f41d053d40,25,[]
6193037ce0f9a3f41d053d41,26,[]
6193037ce0f9a3f41d053d42,27,[]
6193037ce0f9a3f41d053d43,28,[]
6193037ce0f9a3f41d053d44,29,[]
6193037ce0f9a3f41d053d45,30,[]
